Interest,Percent
reading,0.142857143
dining,0.150246305
movies,0.162561577
music,0.189655173
museums,0.236453202
theater,0.261083744
art,0.278325124
tv,0.295566503
concerts,0.295566503
clubbing,0.298029556
exercise,0.305418719
gaming,0.317733991
shopping,0.362068966
sports,0.37684729
hiking,0.37684729
tvsports,0.408866995
yoga,0.408866995